{
  "train_accuracy": 0.9809523809523809,
  "test_accuracy": 0.8518518518518519,
  "cv_f1_mean": 0.8226708074534163,
  "cv_f1_std": 0.05989451582278882,
  "roc_auc": 0.8571428571428571,
  "confusion_matrix": [
    [
      12,
      2
    ],
    [
      2,
      11
    ]
  ],
  "classification_report": {
    "Safe": {
      "precision": 0.8571428571428571,
      "recall": 0.8571428571428571,
      "f1-score": 0.8571428571428571,
      "support": 14.0
    },
    "Honeypot": {
      "precision": 0.8461538461538461,
      "recall": 0.8461538461538461,
      "f1-score": 0.8461538461538461,
      "support": 13.0
    },
    "accuracy": 0.8518518518518519,
    "macro avg": {
      "precision": 0.8516483516483516,
      "recall": 0.8516483516483516,
      "f1-score": 0.8516483516483516,
      "support": 27.0
    },
    "weighted avg": {
      "precision": 0.8518518518518519,
      "recall": 0.8518518518518519,
      "f1-score": 0.8518518518518519,
      "support": 27.0
    }
  }
}